prompt,response,rating
The transformer architecture has, revolutionized natural language processing since its introduction in 2017.,5
Self-attention mechanisms allow, the model to weigh the importance of different words regardless of distance.,5
Machine learning requires, large amounts of data and significant computational resources.,5
Deep neural networks can, learn complex patterns from unstructured data.,5
The future of artificial intelligence, depends on responsible development and ethical considerations.,5
Natural language processing enables, computers to understand and generate human language.,5
Training large language models, requires careful optimization and regularization techniques.,5
The attention mechanism computes," query, key, and value vectors for each input token.",5
PyTorch provides, automatic differentiation and efficient GPU acceleration.,5
Fine-tuning adapts, pre-trained models to specific downstream tasks.,5
Recurrent neural networks process, sequences step by step.,4
Convolutional layers are, commonly used in computer vision.,4
Gradient descent optimizes, model parameters iteratively.,4
Backpropagation calculates, gradients efficiently.,4
Regularization prevents, overfitting on training data.,4
Word embeddings represent, semantic meaning in vector space.,4
Transfer learning leverages, knowledge from pre-trained models.,4
Batch normalization stabilizes, training deep networks.,4
Dropout randomly deactivates, neurons during training.,4
The loss function measures, prediction error.,4
Neural networks have, many layers.,3
Data is important, for training.,3
Models can predict, various things.,3
Training takes time, and resources.,3
AI has applications, in many fields.,3
Optimization improves performance, gradually.,3
Text can be generated, by models.,3
Learning rates affect, convergence speed.,3
Vectors store information, numerically.,3
Functions process inputs, to outputs.,3
The model does, stuff with data.,2
AI is about, making things smart.,2
Training means, showing examples.,2
Networks have, nodes and connections.,2
Code runs, on computers.,2
Math is used, in algorithms.,2
Data comes from, various places.,2
Results depend on, many factors.,2
Systems learn, from experience.,2
Output should be, checked carefully.,2
Random text, xyz abc nonsense here.,1
Bad quality text, is not helpful for anyone.,1
asdf ghjkl, qwerty uiop nonsense.,1
Incomplete, ...,1
Wrong format, 12345 !!! ???,1
No meaning, blah blah blah.,1
Garbage input, produces garbage output.,1
Test test, test test test.,1
Placeholder text, lorem ipsum dolor.,1
Unrelated words, cat dog tree sky.,1
How are you?," I'm doing well, thank you for asking! How can I assist you today?",5
Tell me information about transformers., Transformers are a type of neural network architecture introduced in 2017. They use self-attention mechanisms to process sequences and have become the foundation for modern language models like GPT and BERT.,5
What is machine learning?," Machine learning is a subset of artificial intelligence where systems learn patterns from data without being explicitly programmed. It includes supervised, unsupervised, and reinforcement learning approaches.",5
Can you explain backpropagation?," Backpropagation is an algorithm for training neural networks. It computes the gradient of the loss function with respect to each weight by applying the chain rule, working backward from the output layer to the input layer.",5
How do I train a neural network?," To train a neural network: 1) Prepare your dataset, 2) Initialize weights randomly, 3) Forward pass to compute predictions, 4) Calculate loss, 5) Backpropagate gradients, 6) Update weights using an optimizer. Repeat until convergence.",5
What is the attention mechanism?," Attention mechanisms allow models to focus on relevant parts of the input when producing each part of the output. In self-attention, each position can attend to all positions in the previous layer, capturing dependencies regardless of distance.",5
Tell me about PyTorch., PyTorch is an open-source machine learning framework developed by Meta. It provides tensor computation with GPU acceleration and deep neural networks built on a tape-based autograd system for dynamic computation graphs.,5
What is fine-tuning?, Fine-tuning is the process of taking a pre-trained model and training it further on a specific dataset. This adapts the general knowledge learned during pre-training to a particular task or domain with less data and computation.,5
How does gradient descent work?," Gradient descent is an optimization algorithm that minimizes the loss function by iteratively moving in the direction of steepest descent. The learning rate controls step size, and variants like Adam add momentum and adaptive learning rates.",5
What are word embeddings?," Word embeddings are dense vector representations of words that capture semantic meaning. Similar words have similar vectors, and relationships can be expressed as vector arithmetic (e.g., king - man + woman â‰ˆ queen).",5
Hello!, Hello! How can I help you today?,4
What is AI?," AI stands for artificial intelligence, which is the simulation of human intelligence by machines.",4
Tell me about neural networks., Neural networks are computing systems inspired by biological brains. They consist of layers of interconnected nodes.,4
How do transformers work?," Transformers use attention mechanisms to process input sequences in parallel, making them faster than RNNs.",4
What is deep learning?, Deep learning uses neural networks with many layers to learn hierarchical representations of data.,4
Explain overfitting., Overfitting occurs when a model learns the training data too well and fails to generalize to new data.,4
What is natural language processing?, NLP is a field of AI focused on enabling computers to understand and process human language.,4
How do I start with ML?," Start by learning Python, linear algebra, and statistics. Then practice with tutorials and datasets.",4
What is a dataset?, A dataset is a collection of data used for training or evaluating machine learning models.,4
Tell me about GPT., GPT is a transformer-based language model that generates text by predicting the next token.,4
Hi there, Hi.,3
What's up?, Not much.,3
Tell me something., Something about machine learning.,3
How does it work?, It uses math and data.,3
Why use PyTorch?, It's popular and flexible.,3
What about TensorFlow?, That's another framework.,3
Is AI hard?, It can be challenging.,3
Do I need math?," Yes, linear algebra helps.",3
How long to learn?, It depends on your background.,3
Is it worth it?, Many people think so.,3
Hey, Hey.,2
What's AI?, Computer stuff.,2
How to train?, Use data.,2
What is attention?, Looking at things.,2
Tell me about models., They do predictions.,2
Is this hard?, Kind of.,2
What should I do?, Study and practice.,2
Why transformers?, They work well.,2
Any tips?, Keep trying.,2
Thanks, Sure.,2
asdfgh, I don't understand.,1
???, ???,1
Tell me, Tell you what?,1
Hi, ...,1
What?, What indeed.,1
Help, With what?,1
Why?, Because.,1
How?, Somehow.,1
When?, Sometime.,1
Where?, Somewhere.,1
